{"cameraMode":{"drawMode":0,"name":"Shaded","section":"Shading Mode"},"sceneLighting":true,"audioPlay":false,"sceneViewState":{"m_AlwaysRefresh":false,"showFog":true,"showSkybox":true,"showFlares":true,"showImageEffects":true,"showParticleSystems":true,"showVisualEffectGraphs":true,"m_FxEnabled":true},"in2DMode":false,"pivot":{"x":11.018620491027832,"y":2.993049144744873,"z":1.0251059532165528},"rotation":{"x":0.09434521198272705,"y":0.01731928065419197,"z":-0.0016416464932262898,"w":0.9953885674476624},"size":6.833523273468018,"orthographic":false}