{"cameraMode":{"drawMode":0,"name":"Shaded","section":"Shading Mode"},"sceneLighting":true,"audioPlay":false,"sceneViewState":{"m_AlwaysRefresh":false,"showFog":true,"showSkybox":true,"showFlares":true,"showImageEffects":true,"showParticleSystems":true,"showVisualEffectGraphs":true,"m_FxEnabled":true},"in2DMode":false,"pivot":{"x":-1.743261694908142,"y":0.3586442470550537,"z":10.410791397094727},"rotation":{"x":0.3362175524234772,"y":-0.001412645447999239,"z":0.0005043550627306104,"w":0.9417838454246521},"size":17.675851821899415,"orthographic":true}