{"cameraMode":{"drawMode":0,"name":"Shaded","section":"Shading Mode"},"sceneLighting":true,"audioPlay":false,"sceneViewState":{"m_AlwaysRefresh":false,"showFog":true,"showSkybox":true,"showFlares":true,"showImageEffects":true,"showParticleSystems":true,"showVisualEffectGraphs":true,"m_FxEnabled":true},"in2DMode":false,"pivot":{"x":0.2692398428916931,"y":-0.06832921504974365,"z":-0.1303214132785797},"rotation":{"x":-0.2999284267425537,"y":0.5189287662506104,"z":-0.2008601576089859,"w":-0.7748703360557556},"size":2.4536571502685549,"orthographic":false}