{"cameraMode":{"drawMode":0,"name":"Shaded","section":"Shading Mode"},"sceneLighting":false,"audioPlay":false,"sceneViewState":{"m_AlwaysRefresh":false,"showFog":true,"showSkybox":false,"showFlares":true,"showImageEffects":true,"showParticleSystems":true,"showVisualEffectGraphs":true,"m_FxEnabled":true},"in2DMode":false,"pivot":{"x":-0.16290529072284699,"y":1.5055670738220215,"z":11.715940475463868},"rotation":{"x":0.047725554555654529,"y":0.796760082244873,"z":-0.06347630172967911,"w":0.5990570187568665},"size":2.83371639251709,"orthographic":true}